Workbook

Sheet Assignee
A1: name | B1: bug_efficiency | C1: task_efficiency | D1: feature_efficiency | E1: research_efficiency
A2: Иван Петров | B2: 0.96 | C2: 0.97 | D2: 0.87 | E2: 0.93
A3: Анна Васильева | B3: 1.24 | C3: 1.19 | D3: 1.26 | E3: 1.02
A4: Сергей Николаев | B4: 0.99 | C4: 0.97 | D4: 0.92 | E4: 1.05
A5: Ольга Фёдорова | B5: 0.87 | C5: 0.81 | D5: 1.17 | E5: 1.09
A6: Павел Морозов | B6: 0.83 | C6: 1.12 | D6: 1.2 | E6: 0.96
A7: Наталья Волкова | B7: 1.29 | C7: 1.21 | D7: 1.12 | E7: 1.17
A8: Артём Попов | B8: 1.07 | C8: 0.92 | D8: 0.74 | E8: 0.83
A9: Татьяна Лебедева | B9: 1.29 | C9: 1.13 | D9: 1.3 | E9: 1.23
A10: Максим Семёнов | B10: 1.08 | C10: 1.23 | D10: 0.95 | E10: 1.09
A11: Елена Козлова | B11: 1.3 | C11: 1.14 | D11: 1.28 | E11: 1.11
A12: Никита Новиков | B12: 1.21 | C12: 0.99 | D12: 0.83 | E12: 0.88
A13: Юлия Андреева | B13: 0.73 | C13: 0.84 | D13: 0.73 | E13: 0.87
... A16: Роман Павлов | B16: 0.89 | C16: 0.93 | D16: 0.78 | E16: 0.95

Sheet Tasks
A1: title | B1: assignee | C1: type | D1: actual_time_spent | E1: Эффективность | F1: Номера | G1: Базовое время
A2: Исправить ошибку фильтрации задач | B2: Наталья Волкова | C2: bug | D2: 6.45 | E2: =VLOOKUP(B2,Assignee!$A$2:$E$16,Tasks!F2,0) -> 1.29 | F2: 2 | G2: 5
A3: Разработать модуль уведомлений | B3: Сергей Николаев | C3: feature | D3: 11.04 | E3: =VLOOKUP(B3,Assignee!$A$2:$E$16,Tasks!F3,0) -> 0.92 | F3: 4 | G3: 12
A4: Провести анализ пользовательских сценариев | B4: Максим Семёнов | C4: research | D4: 6.54 | E4: =VLOOKUP(B4,Assignee!$A$2:$E$16,Tasks!F4,0) -> 1.09 | F4: 5 | G4: 6
A5: Провести анализ пользовательских сценариев | B5: Елена Козлова | C5: research | D5: 6.66 | E5: =VLOOKUP(B5,Assignee!$A$2:$E$16,Tasks!F5,0) -> 1.11 | F5: 5 | G5: 6
A6: Добавить страницу списка задач | B6: Алина Захарова | C6: task | D6: 8.96 | E6: =VLOOKUP(B6,Assignee!$A$2:$E$16,Tasks!F6,0) -> 1.12 | F6: 3 | G6: 8
A7: Исправить проблему с комментариями | B7: Юлия Андреева | C7: bug | D7: 3.65 | E7: =VLOOKUP(B7,Assignee!$A$2:$E$16,Tasks!F7,0) -> 0.73 | F7: 2 | G7: 5
A8: Обновить навигационное меню | B8: Анна Васильева | C8: task | D8: 9.52 | E8: =VLOOKUP(B8,Assignee!$A$2:$E$16,Tasks!F8,0) -> 1.19 | F8: 3 | G8: 8
A9: Оценить качество модели прогнозирования | B9: Юлия Андреева | C9: research | D9: 5.22 | E9: =VLOOKUP(B9,Assignee!$A$2:$E$16,Tasks!F9,0) -> 0.87 | F9: 5 | G9: 6
A10: Разработать модуль комментариев | B10: Юлия Андреева | C10: feature | D10: 8.76 | E10: =VLOOKUP(B10,Assignee!$A$2:$E$16,Tasks!F10,0) -> 0.73 | F10: 4 | G10: 12
A11: Исследовать структуру данных задач | B11: Никита Новиков | C11: research | D11: 5.28 | E11: =VLOOKUP(B11,Assignee!$A$2:$E$16,Tasks!F11,0) -> 0.88 | F11: 5 | G11: 6
A12: Исправить ошибку прав доступа | B12: Наталья Волкова | C12: bug | D12: 6.45 | E12: =VLOOKUP(B12,Assignee!$A$2:$E$16,Tasks!F12,0) -> 1.29 | F12: 2 | G12: 5
A13: Добавить управление группами пользователей | B13: Юлия Андреева | C13: feature | D13: 8.76 | E13: =VLOOKUP(B13,Assignee!$A$2:$E$16,Tasks!F13,0) -> 0.73 | F13: 4 | G13: 12
... A1001: Обновить навигационное меню | B1001: Татьяна Лебедева | C1001: task | D1001: 9.04 | E1001: =VLOOKUP(B1001,Assignee!$A$2:$E$16,Tasks!F1001,0) -> 1.13 | F1001: 3 | G1001: 8
